{
  "Horticulture Unit Laboratory": {
    "SMC1": 0.0432328,
    "SMC2": 0.0305511,
    "SMC3": 0.0213086,
    "SMC4": 0.0230705,
    "P1": 0.00691877,
    "P2": 0.0147907,
    "P3": 0.0153586,
    "P6": 0.18444,
    "P11": 0.617483,
    "P15": 0.038233,
    "P20": 0.00339557,
    "P27": 0.00121833
  },
  "McLane Hall": {
    "SMC1": 0.026148,
    "SMC2": 0.0166141,
    "SMC3": 0.0118934,
    "SMC4": 0.0249274,
    "P1": 0.0897387,
    "P2": 0.0379492,
    "P3": 0.024993,
    "P6": 0.0596327,
    "P11": 0.0181318,
    "P15": 0.361819,
    "P20": 0.259893,
    "P27": 0.06826
  },
  "North Gym": {
    "SMC1": 0.0103301,
    "SMC2": 0.00745212,
    "SMC3": 0.0058048,
    "SMC4": 0.0102026,
    "P1": 0.0311888,
    "P2": 0.0144415,
    "P3": 0.0104354,
    "P6": 0.0174741,
    "P11": 0.00793042,
    "P15": 0.0501933,
    "P20": 0.377616,
    "P27": 0.456931
  },
  "Peters Education Center": {
    "SMC1": 0.0481676,
    "SMC2": 0.0356679,
    "SMC3": 0.0189819,
    "SMC4": 0.166879,
    "P1": 0.0112969,
    "P2": 0.146074,
    "P3": 0.557482,
    "P6": 0.00967021,
    "P11": 0.00253537,
    "P15": 0.00224499,
    "P20": 0.000516589,
    "P27": 0.000484115
  },
  "Athletic Track": {
    "SMC1": 0.00900854,
    "SMC2": 0.00672759,
    "SMC3": 0.00537075,
    "SMC4": 0.00888769,
    "P1": 0.0239349,
    "P2": 0.0121208,
    "P3": 0.00905216,
    "P6": 0.0144279,
    "P11": 0.00730173,
    "P15": 0.0365743,
    "P20": 0.308411,
    "P27": 0.558183
  },
  "University Center": {
    "SMC1": 0.0326332,
    "SMC2": 0.0208967,
    "SMC3": 0.0149839,
    "SMC4": 0.0332436,
    "P1": 0.186563,
    "P2": 0.0558569,
    "P3": 0.0352003,
    "P6": 0.0620254,
    "P11": 0.0184176,
    "P15": 0.198836,
    "P20": 0.167495,
    "P27": 0.173849
  },
  "Spalding Wathen Tennis Courts": {
    "SMC1": 0.00125664,
    "SMC2": 0.000946917,
    "SMC3": 0.000758847,
    "SMC4": 0.00128157,
    "P1": 0.00387457,
    "P2": 0.00180843,
    "P3": 0.00133988,
    "P6": 0.00184654,
    "P11": 0.000904718,
    "P15": 0.00385659,
    "P20": 0.0147319,
    "P27": 0.967393
  },
  "Engineering East Bldg": {
    "SMC1": 0.0171225,
    "SMC2": 0.0112387,
    "SMC3": 0.00822813,
    "SMC4": 0.0157698,
    "P1": 0.0425988,
    "P2": 0.0220761,
    "P3": 0.0153521,
    "P6": 0.0402904,
    "P11": 0.0144143,
    "P15": 0.312131,
    "P20": 0.459142,
    "P27": 0.0416362
  },
  "Ag Mechanic Building": {
    "SMC1": 0.0132073,
    "SMC2": 0.00818033,
    "SMC3": 0.00576582,
    "SMC4": 0.0116869,
    "P1": 0.0276278,
    "P2": 0.0161567,
    "P3": 0.0110544,
    "P6": 0.038496,
    "P11": 0.0112173,
    "P15": 0.758612,
    "P20": 0.0856187,
    "P27": 0.012377
  },
  "Peters Business Bldg": {
    "SMC1": 0.0587129,
    "SMC2": 0.0229464,
    "SMC3": 0.0124018,
    "SMC4": 0.047016,
    "P1": 0.0505246,
    "P2": 0.0719504,
    "P3": 0.0405855,
    "P6": 0.522227,
    "P11": 0.0165447,
    "P15": 0.148632,
    "P20": 0.00570538,
    "P27": 0.002753
  },
  "MEATS LAB": {
    "SMC1": 0.00987165,
    "SMC2": 0.008158,
    "SMC3": 0.00638689,
    "SMC4": 0.00554337,
    "P1": 0.0017092,
    "P2": 0.00350917,
    "P3": 0.00376814,
    "P6": 0.0270743,
    "P11": 0.92435,
    "P15": 0.00829688,
    "P20": 0.000982918,
    "P27": 0.000349003
  },
  "Kinesiology Pool": {
    "SMC1": 0.00656068,
    "SMC2": 0.00483959,
    "SMC3": 0.00383524,
    "SMC4": 0.00631464,
    "P1": 0.01578,
    "P2": 0.0084353,
    "P3": 0.00631205,
    "P6": 0.0113234,
    "P11": 0.00577428,
    "P15": 0.0343723,
    "P20": 0.765195,
    "P27": 0.131258
  },
  "Agricultural Building": {
    "SMC1": 0.0194987,
    "SMC2": 0.0114815,
    "SMC3": 0.00783376,
    "SMC4": 0.017837,
    "P1": 0.0554287,
    "P2": 0.0271633,
    "P3": 0.0173464,
    "P6": 0.0568433,
    "P11": 0.0130174,
    "P15": 0.697402,
    "P20": 0.0600963,
    "P27": 0.0160517
  },
  "Science 2 Building": {
    "SMC1": 0.0152648,
    "SMC2": 0.00837094,
    "SMC3": 0.00539484,
    "SMC4": 0.0107456,
    "P1": 0.0089789,
    "P2": 0.0112647,
    "P3": 0.00861769,
    "P6": 0.118928,
    "P11": 0.0188819,
    "P15": 0.786176,
    "P20": 0.00581341,
    "P27": 0.00156333
  },
  "Lyles Center 208": {
    "SMC1": 0.0118356,
    "SMC2": 0.00582656,
    "SMC3": 0.00216071,
    "SMC4": 0.110613,
    "P1": 0.000795615,
    "P2": 0.019364,
    "P3": 0.847594,
    "P6": 0.00126198,
    "P11": 0.000262499,
    "P15": 0.000211453,
    "P20": 4.10821e-05,
    "P27": 3.42106e-05
  },
  "Kremen Education Bldg": {
    "SMC1": 0.0161941,
    "SMC2": 0.00930499,
    "SMC3": 0.00614853,
    "SMC4": 0.0190445,
    "P1": 0.795175,
    "P2": 0.0468628,
    "P3": 0.0230018,
    "P6": 0.0247447,
    "P11": 0.00509063,
    "P15": 0.0314643,
    "P20": 0.00935582,
    "P27": 0.0136131
  },
  "Science Building": {
    "SMC1": 0.0265349,
    "SMC2": 0.0126018,
    "SMC3": 0.00754506,
    "SMC4": 0.0207291,
    "P1": 0.0264893,
    "P2": 0.0278144,
    "P3": 0.0178454,
    "P6": 0.205012,
    "P11": 0.0145264,
    "P15": 0.630808,
    "P20": 0.00741179,
    "P27": 0.00268202
  },
  "LAB School Building": {
    "SMC1": 0.032556,
    "SMC2": 0.0211716,
    "SMC3": 0.0151902,
    "SMC4": 0.0366996,
    "P1": 0.418402,
    "P2": 0.0712285,
    "P3": 0.0423918,
    "P6": 0.0473456,
    "P11": 0.0137987,
    "P15": 0.0777434,
    "P20": 0.0510104,
    "P27": 0.172462
  },
  "Family Food & Sci Bldg": {
    "SMC1": 0.0155885,
    "SMC2": 0.0108232,
    "SMC3": 0.0082093,
    "SMC4": 0.0154114,
    "P1": 0.0540354,
    "P2": 0.022724,
    "P3": 0.0158278,
    "P6": 0.028018,
    "P11": 0.0112203,
    "P15": 0.0918592,
    "P20": 0.407754,
    "P27": 0.318529
  },
  "Engineering West Bldg": {
    "SMC1": 0.00863736,
    "SMC2": 0.00597318,
    "SMC3": 0.00452689,
    "SMC4": 0.00821335,
    "P1": 0.023411,
    "P2": 0.0114884,
    "P3": 0.00817493,
    "P6": 0.0171288,
    "P11": 0.00715203,
    "P15": 0.0756833,
    "P20": 0.764955,
    "P27": 0.0646562
  },
  "Social Science Bldg": {
    "SMC1": 0.0113024,
    "SMC2": 0.00786246,
    "SMC3": 0.00597895,
    "SMC4": 0.0109184,
    "P1": 0.0333925,
    "P2": 0.0155367,
    "P3": 0.0110018,
    "P6": 0.0213781,
    "P11": 0.00890231,
    "P15": 0.0818847,
    "P20": 0.65921,
    "P27": 0.132631
  },
  "South Gym": {
    "SMC1": 0.00854324,
    "SMC2": 0.00611885,
    "SMC3": 0.00473658,
    "SMC4": 0.00858954,
    "P1": 0.0295574,
    "P2": 0.0125584,
    "P3": 0.00892097,
    "P6": 0.0140453,
    "P11": 0.00606423,
    "P15": 0.0372533,
    "P20": 0.166943,
    "P27": 0.696669
  },
  "PTIA": {
    "SMC1": 0.00928676,
    "SMC2": 0.0068502,
    "SMC3": 0.00542418,
    "SMC4": 0.00906861,
    "P1": 0.024285,
    "P2": 0.0123538,
    "P3": 0.00917113,
    "P6": 0.0155269,
    "P11": 0.007707,
    "P15": 0.0435957,
    "P20": 0.526844,
    "P27": 0.329887
  },
  "Learning Center": {
    "SMC1": 0.0263261,
    "SMC2": 0.0174623,
    "SMC3": 0.0128206,
    "SMC4": 0.0266912,
    "P1": 0.128167,
    "P2": 0.0428726,
    "P3": 0.0280874,
    "P6": 0.0479424,
    "P11": 0.0160532,
    "P15": 0.149443,
    "P20": 0.220099,
    "P27": 0.284035
  },
  "McKee-Fisk Building": {
    "SMC1": 0.0166797,
    "SMC2": 0.0112273,
    "SMC3": 0.00835026,
    "SMC4": 0.0160053,
    "P1": 0.0518491,
    "P2": 0.0232908,
    "P3": 0.0160786,
    "P6": 0.0339096,
    "P11": 0.0126864,
    "P15": 0.156928,
    "P20": 0.548727,
    "P27": 0.104268
  },
  "DAIRY UNIT": {
    "SMC1": 0.0272414,
    "SMC2": 0.0307601,
    "SMC3": 0.0324801,
    "SMC4": 0.0178069,
    "P1": 0.00587846,
    "P2": 0.0112421,
    "P3": 0.0129223,
    "P6": 0.0364043,
    "P11": 0.802508,
    "P15": 0.0170913,
    "P20": 0.00406117,
    "P27": 0.00160411
  },
  "Music Building": {
    "SMC1": 0.0334626,
    "SMC2": 0.0187666,
    "SMC3": 0.01232,
    "SMC4": 0.0362144,
    "P1": 0.52179,
    "P2": 0.0782691,
    "P3": 0.0405805,
    "P6": 0.0652474,
    "P11": 0.0124182,
    "P15": 0.124839,
    "P20": 0.0282877,
    "P27": 0.0278051
  },
  "Industrial Tech Bldg": {
    "SMC1": 0.00153233,