{
  "Horticulture Unit Laboratory": {
    "SMC1": 0.0414542,
    "SMC2": 0.0292942,
    "SMC3": 0.020432,
    "SMC4": 0.0221214,
    "P1": 0.00663414,
    "P2": 0.0141823,
    "P3": 0.0147267,
    "P5": 0.0411388,
    "P6": 0.176852,
    "P11": 0.59208,
    "P15": 0.0366601,
    "P20": 0.00325588,
    "P27": 0.00116821
  },
  "McLane Hall": {
    "SMC1": 0.024799,
    "SMC2": 0.015757,
    "SMC3": 0.0112798,
    "SMC4": 0.0236414,
    "P1": 0.085109,
    "P2": 0.0359914,
    "P3": 0.0237036,
    "P5": 0.0515906,
    "P6": 0.0565562,
    "P11": 0.0171964,
    "P15": 0.343152,
    "P20": 0.246485,
    "P27": 0.0647384
  },
  "North Gym": {
    "SMC1": 0.010157,
    "SMC2": 0.00732721,
    "SMC3": 0.00570751,
    "SMC4": 0.0100316,
    "P1": 0.0306661,
    "P2": 0.0141994,
    "P3": 0.0102605,
    "P5": 0.016761,
    "P6": 0.0171812,
    "P11": 0.0077975,
    "P15": 0.049352,
    "P20": 0.371287,
    "P27": 0.449272
  },
  "Peters Education Center": {
    "SMC1": 0.0468411,
    "SMC2": 0.0346856,
    "SMC3": 0.0184592,
    "SMC4": 0.162283,
    "P1": 0.0109858,
    "P2": 0.142051,
    "P3": 0.54213,
    "P5": 0.0275392,
    "P6": 0.0094039,
    "P11": 0.00246555,
    "P15": 0.00218317,
    "P20": 0.000502362,
    "P27": 0.000470783
  },
  "Athletic Track": {
    "SMC1": 0.00888416,
    "SMC2": 0.00663471,
    "SMC3": 0.00529659,
    "SMC4": 0.00876498,
    "P1": 0.0236045,
    "P2": 0.0119535,
    "P3": 0.00892718,
    "P5": 0.013807,
    "P6": 0.0142287,
    "P11": 0.00720092,
    "P15": 0.0360694,
    "P20": 0.304153,
    "P27": 0.550476
  },
  "University Center": {
    "SMC1": 0.0305739,
    "SMC2": 0.0195781,
    "SMC3": 0.0140383,
    "SMC4": 0.0311458,
    "P1": 0.17479,
    "P2": 0.0523321,
    "P3": 0.032979,
    "P5": 0.0631031,
    "P6": 0.0581114,
    "P11": 0.0172554,
    "P15": 0.186289,
    "P20": 0.156926,
    "P27": 0.162878
  },
  "Spalding Wathen Tennis Courts": {
    "SMC1": 0.00125423,
    "SMC2": 0.000945097,
    "SMC3": 0.000757389,
    "SMC4": 0.00127911,
    "P1": 0.00386713,
    "P2": 0.00180495,
    "P3": 0.00133731,
    "P5": 0.00192204,
    "P6": 0.00184299,
    "P11": 0.00090298,
    "P15": 0.00384917,
    "P20": 0.0147036,
    "P27": 0.965534
  },
  "Engineering East Bldg": {
    "SMC1": 0.0165731,
    "SMC2": 0.0108781,
    "SMC3": 0.00796409,
    "SMC4": 0.0152637,
    "P1": 0.0412319,
    "P2": 0.0213677,
    "P3": 0.0148594,
    "P5": 0.0320889,
    "P6": 0.0389975,
    "P11": 0.0139518,
    "P15": 0.302115,
    "P20": 0.444408,
    "P27": 0.0403002
  },
  "Ag Mechanic Building": {
    "SMC1": 0.0128448,
    "SMC2": 0.00795582,
    "SMC3": 0.00560757,
    "SMC4": 0.0113661,
    "P1": 0.0268696,
    "P2": 0.0157133,
    "P3": 0.010751,
    "P5": 0.027445,
    "P6": 0.0374395,
    "P11": 0.0109095,
    "P15": 0.737792,
    "P20": 0.0832689,
    "P27": 0.0120373
  },
  "Peters Business Bldg": {
    "SMC1": 0.0424093,
    "SMC2": 0.0165745,
    "SMC3": 0.008958,
    "SMC4": 0.0339604,
    "P1": 0.0364948,
    "P2": 0.0519709,
    "P3": 0.0293155,
    "P5": 0.277684,
    "P6": 0.377213,
    "P11": 0.0119505,
    "P15": 0.107359,
    "P20": 0.00412109,
    "P27": 0.00198854
  },
  "MEATS LAB": {
    "SMC1": 0.00978695,
    "SMC2": 0.00808801,
    "SMC3": 0.0063321,
    "SMC4": 0.00549581,
    "P1": 0.00169454,
    "P2": 0.00347907,
    "P3": 0.0037358,
    "P5": 0.00857991,
    "P6": 0.026842,
    "P11": 0.91642,
    "P15": 0.00822569,
    "P20": 0.000974485,
    "P27": 0.000346008
  },
  "Kinesiology Pool": {
    "SMC1": 0.00649325,
    "SMC2": 0.00478984,
    "SMC3": 0.00379582,
    "SMC4": 0.00624974,
    "P1": 0.0156178,
    "P2": 0.00834861,
    "P3": 0.00624717,
    "P5": 0.0102781,
    "P6": 0.011207,
    "P11": 0.00571493,
    "P15": 0.034019,
    "P20": 0.75733,
    "P27": 0.129909
  },
  "Agricultural Building": {
    "SMC1": 0.0186257,
    "SMC2": 0.0109675,
    "SMC3": 0.00748306,
    "SMC4": 0.0170384,
    "P1": 0.0529473,
    "P2": 0.0259473,
    "P3": 0.0165699,
    "P5": 0.044768,
    "P6": 0.0542985,
    "P11": 0.0124347,
    "P15": 0.666181,
    "P20": 0.0574059,
    "P27": 0.0153331
  },
  "Science 2 Building": {
    "SMC1": 0.0147565,
    "SMC2": 0.00809217,
    "SMC3": 0.00521519,
    "SMC4": 0.0103878,
    "P1": 0.00867989,
    "P2": 0.0108896,
    "P3": 0.0083307,
    "P5": 0.0333016,
    "P6": 0.114967,
    "P11": 0.0182531,
    "P15": 0.759995,
    "P20": 0.00561982,
    "P27": 0.00151127
  },
  "Lyles Center 208": {
    "SMC1": 0.011782,
    "SMC2": 0.00580018,
    "SMC3": 0.00215093,
    "SMC4": 0.110112,
    "P1": 0.000792012,
    "P2": 0.0192764,
    "P3": 0.843756,
    "P5": 0.00452838,
    "P6": 0.00125627,
    "P11": 0.00026131,
    "P15": 0.000210495,
    "P20": 4.08961e-05,
    "P27": 3.40557e-05
  },
  "Kremen Education Bldg": {
    "SMC1": 0.0155588,
    "SMC2": 0.00893995,
    "SMC3": 0.00590732,
    "SMC4": 0.0182974,
    "P1": 0.763979,
    "P2": 0.0450244,
    "P3": 0.0220994,
    "P5": 0.0392309,
    "P6": 0.0237739,
    "P11": 0.00489092,
    "P15": 0.03023,
    "P20": 0.00898878,
    "P27": 0.0130791
  },
  "Science Building": {
    "SMC1": 0.024244,
    "SMC2": 0.0115138,
    "SMC3": 0.00689365,
    "SMC4": 0.0189394,
    "P1": 0.0242023,
    "P2": 0.0254131,
    "P3": 0.0163047,
    "P5": 0.0863361,
    "P6": 0.187312,
    "P11": 0.0132722,
    "P15": 0.576347,
    "P20": 0.00677189,
    "P27": 0.00245046
  },
  "LAB School Building": {
    "SMC1": 0.0305851,
    "SMC2": 0.0198899,
    "SMC3": 0.0142706,
    "SMC4": 0.0344779,
    "P1": 0.393074,
    "P2": 0.0669165,
    "P3": 0.0398255,
    "P5": 0.060537,
    "P6": 0.0444794,
    "P11": 0.0129633,
    "P15": 0.0730371,
    "P20": 0.0479223,
    "P27": 0.162022
  },
  "Family Food & Sci Bldg": {
    "SMC1": 0.0151705,
    "SMC2": 0.010533,
    "SMC3": 0.00798919,
    "SMC4": 0.0149982,
    "P1": 0.0525866,
    "P2": 0.0221148,
    "P3": 0.0154034,
    "P5": 0.0268115,
    "P6": 0.0272668,
    "P11": 0.0109195,
    "P15": 0.0893964,
    "P20": 0.396821,
    "P27": 0.309989
  },
  "Engineering West Bldg": {
    "SMC1": 0.00850725,
    "SMC2": 0.00588321,
    "SMC3": 0.0044587,
    "SMC4": 0.00808963,
    "P1": 0.0230583,
    "P2": 0.0113153,
    "P3": 0.00805179,
    "P5": 0.0150629,
    "P6": 0.0168708,
    "P11": 0.0070443,
    "P15": 0.0745433,
    "P20": 0.753432,
    "P27": 0.0636823
  },
  "Social Science Bldg": {
    "SMC1": 0.0110824,
    "SMC2": 0.00770942,
    "SMC3": 0.00586257,
    "SMC4": 0.0107059,
    "P1": 0.0327425,
    "P2": 0.0152343,
    "P3": 0.0107877,
    "P5": 0.0194652,
    "P6": 0.020962,
    "P11": 0.00872903,
    "P15": 0.0802908,
    "P20": 0.646379,
    "P27": 0.130049
  },
  "South Gym": {
    "SMC1": 0.00842285,
    "SMC2": 0.00603262,
    "SMC3": 0.00466983,
    "SMC4": 0.0084685,
    "P1": 0.0291409,
    "P2": 0.0123815,
    "P3": 0.00879525,
    "P5": 0.0140921,
    "P6": 0.0138473,
    "P11": 0.00597878,
    "P15": 0.0367283,
    "P20": 0.16459,
    "P27": 0.686852
  },
  "PTIA": {
    "SMC1": 0.00915197,
    "SMC2": 0.00675078,
    "SMC3": 0.00534546,
    "SMC4": 0.008937,
    "P1": 0.0239326,
    "P2": 0.0121745,
    "P3": 0.00903803,
    "P5": 0.0145136,
    "P6": 0.0153015,
    "P11": 0.00759515,
    "P15": 0.042963,
    "P20": 0.519197,
    "P27": 0.325099
  },
  "Learning Center": {
    "SMC1": 0.0250549,
    "SMC2": 0.0166191,
    "SMC3": 0.0122015,
    "SMC4": 0.0254023,
    "P1": 0.121978,
    "P2": 0.0408023,
    "P3": 0.0267311,
    "P5": 0.048288,
    "P6": 0.0456273,
    "P11": 0.0152781,
    "P15": 0.142226,
    "P20": 0.209471,
    "P27": 0.27032
  },
  "McKee-Fisk Building": {
    "SMC1": 0.0161767,
    "SMC2": 0.0108887,
    "SMC3": 0.00809844,
    "SMC4": 0.0155227,
    "P1": 0.0502855,
    "P2": 0.0225884,
    "P3": 0.0155937,
    "P5": 0.030157,
    "P6": 0.032887,
    "P11": 0.0123038,
    "P15": 0.152195,
    "P20": 0.532179,
    "P27": 0.101124
  },
  "DAIRY UNIT": {
    "SMC1": 0.026714,
    "SMC2": 0.0301646,
    "SMC3": 0.0318513,
    "SMC4": 0.0174622,